order,run_name,arch,n_step,seed,total_env_steps,obs,width,double,dueling,lr,gamma,n_envs,steps_per_update,batch,buffer,learn_start,eval_every,threads,device,primary_checkpoint
1,prereg_res4_n1_s100,res4,1,100,300000,fields,16,true,true,0.0005,0.99,8,4,32,100000,4000,20000,1,cuda,last
2,prereg_res4_n3_s100,res4,3,100,300000,fields,16,true,true,0.0005,0.99,8,4,32,100000,4000,20000,1,cuda,last
3,prereg_res8_n1_s100,res8,1,100,300000,fields,16,true,true,0.0005,0.99,8,4,32,100000,4000,20000,1,cuda,last
4,prereg_cnn2_n1_s100,cnn2,1,100,300000,fields,16,true,true,0.0005,0.99,8,4,32,100000,4000,20000,1,cuda,last
5,prereg_cnn2_n3_s100,cnn2,3,100,300000,fields,16,true,true,0.0005,0.99,8,4,32,100000,4000,20000,1,cuda,last
6,prereg_res8_n3_s100,res8,3,100,300000,fields,16,true,true,0.0005,0.99,8,4,32,100000,4000,20000,1,cuda,last
7,prereg_res4_n3_s101,res4,3,101,300000,fields,16,true,true,0.0005,0.99,8,4,32,100000,4000,20000,1,cuda,last
8,prereg_res4_n1_s101,res4,1,101,300000,fields,16,true,true,0.0005,0.99,8,4,32,100000,4000,20000,1,cuda,last
9,prereg_cnn2_n1_s101,cnn2,1,101,300000,fields,16,true,true,0.0005,0.99,8,4,32,100000,4000,20000,1,cuda,last
10,prereg_res8_n1_s101,res8,1,101,300000,fields,16,true,true,0.0005,0.99,8,4,32,100000,4000,20000,1,cuda,last
11,prereg_cnn2_n3_s101,cnn2,3,101,300000,fields,16,true,true,0.0005,0.99,8,4,32,100000,4000,20000,1,cuda,last
12,prereg_res8_n3_s101,res8,3,101,300000,fields,16,true,true,0.0005,0.99,8,4,32,100000,4000,20000,1,cuda,last
13,prereg_res8_n3_s102,res8,3,102,300000,fields,16,true,true,0.0005,0.99,8,4,32,100000,4000,20000,1,cuda,last
14,prereg_res4_n1_s102,res4,1,102,300000,fields,16,true,true,0.0005,0.99,8,4,32,100000,4000,20000,1,cuda,last
15,prereg_res4_n3_s102,res4,3,102,300000,fields,16,true,true,0.0005,0.99,8,4,32,100000,4000,20000,1,cuda,last
16,prereg_cnn2_n3_s102,cnn2,3,102,300000,fields,16,true,true,0.0005,0.99,8,4,32,100000,4000,20000,1,cuda,last
17,prereg_res8_n1_s102,res8,1,102,300000,fields,16,true,true,0.0005,0.99,8,4,32,100000,4000,20000,1,cuda,last
18,prereg_cnn2_n1_s102,cnn2,1,102,300000,fields,16,true,true,0.0005,0.99,8,4,32,100000,4000,20000,1,cuda,last
19,prereg_res4_n3_s103,res4,3,103,300000,fields,16,true,true,0.0005,0.99,8,4,32,100000,4000,20000,1,cuda,last
20,prereg_cnn2_n1_s103,cnn2,1,103,300000,fields,16,true,true,0.0005,0.99,8,4,32,100000,4000,20000,1,cuda,last
21,prereg_res8_n3_s103,res8,3,103,300000,fields,16,true,true,0.0005,0.99,8,4,32,100000,4000,20000,1,cuda,last
22,prereg_res4_n1_s103,res4,1,103,300000,fields,16,true,true,0.0005,0.99,8,4,32,100000,4000,20000,1,cuda,last
23,prereg_res8_n1_s103,res8,1,103,300000,fields,16,true,true,0.0005,0.99,8,4,32,100000,4000,20000,1,cuda,last
24,prereg_cnn2_n3_s103,cnn2,3,103,300000,fields,16,true,true,0.0005,0.99,8,4,32,100000,4000,20000,1,cuda,last
25,prereg_cnn2_n1_s104,cnn2,1,104,300000,fields,16,true,true,0.0005,0.99,8,4,32,100000,4000,20000,1,cuda,last
26,prereg_res4_n1_s104,res4,1,104,300000,fields,16,true,true,0.0005,0.99,8,4,32,100000,4000,20000,1,cuda,last
27,prereg_res8_n3_s104,res8,3,104,300000,fields,16,true,true,0.0005,0.99,8,4,32,100000,4000,20000,1,cuda,last
28,prereg_cnn2_n3_s104,cnn2,3,104,300000,fields,16,true,true,0.0005,0.99,8,4,32,100000,4000,20000,1,cuda,last
29,prereg_res8_n1_s104,res8,1,104,300000,fields,16,true,true,0.0005,0.99,8,4,32,100000,4000,20000,1,cuda,last
30,prereg_res4_n3_s104,res4,3,104,300000,fields,16,true,true,0.0005,0.99,8,4,32,100000,4000,20000,1,cuda,last
